"","unit","coicop","geo","time","values"
"1","I05","CP00","DE",2018-03-01,120.2
"2","I05","CP00","FR",2018-03-01,119.38
"3","I05","CP00","PL",2018-03-01,127.2
"4","I05","CP00","DE",2018-02-01,119.7
"5","I05","CP00","FR",2018-02-01,118.03
"6","I05","CP00","PL",2018-02-01,127.3
"7","I05","CP00","DE",2018-01-01,119.2
"8","I05","CP00","FR",2018-01-01,118.03
"9","I05","CP00","PL",2018-01-01,127.7
"10","I05","CP00","DE",2017-12-01,120.3
"11","I05","CP00","FR",2017-12-01,118.15
"12","I05","CP00","PL",2017-12-01,127.5
"13","I05","CP00","DE",2017-11-01,119.4
"14","I05","CP00","FR",2017-11-01,117.73
"15","I05","CP00","PL",2017-11-01,127.3
"16","I05","CP00","DE",2017-10-01,119.1
"17","I05","CP00","FR",2017-10-01,117.61
"18","I05","CP00","PL",2017-10-01,126.8
"19","I05","CP00","DE",2017-09-01,119.2
"20","I05","CP00","FR",2017-09-01,117.48
"21","I05","CP00","PL",2017-09-01,126.3
"22","I05","CP00","DE",2017-08-01,119.1
"23","I05","CP00","FR",2017-08-01,117.66
"24","I05","CP00","PL",2017-08-01,126
"25","I05","CP00","DE",2017-07-01,119
"26","I05","CP00","FR",2017-07-01,117
"27","I05","CP00","PL",2017-07-01,126.2
"28","I05","CP00","DE",2017-06-01,118.5
"29","I05","CP00","FR",2017-06-01,117.48
"30","I05","CP00","PL",2017-06-01,126.5
"31","I05","CP00","DE",2017-05-01,118.2
"32","I05","CP00","FR",2017-05-01,117.49
"33","I05","CP00","PL",2017-05-01,126.6
"34","I05","CP00","DE",2017-04-01,118.4
"35","I05","CP00","FR",2017-04-01,117.47
"36","I05","CP00","PL",2017-04-01,126.7
"37","I05","CP00","DE",2017-03-01,118.5
"38","I05","CP00","FR",2017-03-01,117.35
"39","I05","CP00","PL",2017-03-01,126.4
"40","I05","CP00","DE",2017-02-01,118.3
"41","I05","CP00","FR",2017-02-01,116.5
"42","I05","CP00","PL",2017-02-01,126.4
"43","I05","CP00","DE",2017-01-01,117.5
"44","I05","CP00","FR",2017-01-01,116.31
"45","I05","CP00","PL",2017-01-01,125.7
"46","I05","CP00","DE",2016-12-01,118.4
"47","I05","CP00","FR",2016-12-01,116.69
"48","I05","CP00","PL",2016-12-01,125.4
"49","I05","CP00","DE",2016-11-01,117.3
"50","I05","CP00","FR",2016-11-01,116.28
"51","I05","CP00","PL",2016-11-01,124.8
"52","I05","CP00","DE",2016-10-01,117.3
"53","I05","CP00","FR",2016-10-01,116.28
"54","I05","CP00","PL",2016-10-01,124.7
"55","I05","CP00","DE",2016-09-01,117.1
"56","I05","CP00","FR",2016-09-01,116.23
"57","I05","CP00","PL",2016-09-01,124.2
"58","I05","CP00","DE",2016-08-01,117.1
"59","I05","CP00","FR",2016-08-01,116.51
"60","I05","CP00","PL",2016-08-01,124.2
"61","I05","CP00","DE",2016-07-01,117.1
"62","I05","CP00","FR",2016-07-01,116.1
"63","I05","CP00","PL",2016-07-01,124.5
"64","I05","CP00","DE",2016-06-01,116.7
"65","I05","CP00","FR",2016-06-01,116.58
"66","I05","CP00","PL",2016-06-01,124.9
"67","I05","CP00","DE",2016-05-01,116.6
"68","I05","CP00","FR",2016-05-01,116.41
"69","I05","CP00","PL",2016-05-01,124.7
"70","I05","CP00","DE",2016-04-01,116.1
"71","I05","CP00","FR",2016-04-01,115.86
"72","I05","CP00","PL",2016-04-01,124.5
"73","I05","CP00","DE",2016-03-01,116.8
"74","I05","CP00","FR",2016-03-01,115.75
"75","I05","CP00","PL",2016-03-01,124.1
"76","I05","CP00","DE",2016-02-01,115.7
"77","I05","CP00","FR",2016-02-01,114.86
"78","I05","CP00","PL",2016-02-01,124
"79","I05","CP00","DE",2016-01-01,115.3
"80","I05","CP00","FR",2016-01-01,114.52
"81","I05","CP00","PL",2016-01-01,124
"82","I05","CP00","DE",2015-12-01,116.5
"83","I05","CP00","FR",2015-12-01,115.76
"84","I05","CP00","PL",2015-12-01,124.2
"85","I05","CP00","DE",2015-11-01,116.5
"86","I05","CP00","FR",2015-11-01,115.49
"87","I05","CP00","PL",2015-11-01,124.5
"88","I05","CP00","DE",2015-10-01,116.4
"89","I05","CP00","FR",2015-10-01,115.73
"90","I05","CP00","PL",2015-10-01,124.6
"91","I05","CP00","DE",2015-09-01,116.4
"92","I05","CP00","FR",2015-09-01,115.63
"93","I05","CP00","PL",2015-09-01,124.6
"94","I05","CP00","DE",2015-08-01,116.7
"95","I05","CP00","FR",2015-08-01,116.06
"96","I05","CP00","PL",2015-08-01,124.9
"97","I05","CP00","DE",2015-07-01,116.7
"98","I05","CP00","FR",2015-07-01,115.65
"99","I05","CP00","PL",2015-07-01,125.3
"100","I05","CP00","DE",2015-06-01,116.4
"101","I05","CP00","FR",2015-06-01,116.21
"102","I05","CP00","PL",2015-06-01,125.3
"103","I05","CP00","DE",2015-05-01,116.6
"104","I05","CP00","FR",2015-05-01,116.29
"105","I05","CP00","PL",2015-05-01,125.2
"106","I05","CP00","DE",2015-04-01,116.5
"107","I05","CP00","FR",2015-04-01,116
"108","I05","CP00","PL",2015-04-01,125.1
"109","I05","CP00","DE",2015-03-01,116.6
"110","I05","CP00","FR",2015-03-01,115.85
"111","I05","CP00","PL",2015-03-01,124.6
"112","I05","CP00","DE",2015-02-01,116
"113","I05","CP00","FR",2015-02-01,114.98
"114","I05","CP00","PL",2015-02-01,124.3
"115","I05","CP00","DE",2015-01-01,114.8
"116","I05","CP00","FR",2015-01-01,114.14
"117","I05","CP00","PL",2015-01-01,124.4
"118","I05","CP00","DE",2014-12-01,116.3
"119","I05","CP00","FR",2014-12-01,115.44
"120","I05","CP00","PL",2014-12-01,124.8
"121","I05","CP00","DE",2014-11-01,116.2
"122","I05","CP00","FR",2014-11-01,115.36
"123","I05","CP00","PL",2014-11-01,125.1
"124","I05","CP00","DE",2014-10-01,116.2
"125","I05","CP00","FR",2014-10-01,115.55
"126","I05","CP00","PL",2014-10-01,125.3
"127","I05","CP00","DE",2014-09-01,116.6
"128","I05","CP00","FR",2014-09-01,115.52
"129","I05","CP00","PL",2014-09-01,125.3
"130","I05","CP00","DE",2014-08-01,116.6
"131","I05","CP00","FR",2014-08-01,115.95
"132","I05","CP00","PL",2014-08-01,125.4
"133","I05","CP00","DE",2014-07-01,116.6
"134","I05","CP00","FR",2014-07-01,115.39
"135","I05","CP00","PL",2014-07-01,125.8
"136","I05","CP00","DE",2014-06-01,116.3
"137","I05","CP00","FR",2014-06-01,115.84
"138","I05","CP00","PL",2014-06-01,126
"139","I05","CP00","DE",2014-05-01,115.8
"140","I05","CP00","FR",2014-05-01,115.89
"141","I05","CP00","PL",2014-05-01,126
"142","I05","CP00","DE",2014-04-01,116.1
"143","I05","CP00","FR",2014-04-01,115.86
"144","I05","CP00","PL",2014-04-01,126.2
"145","I05","CP00","DE",2014-03-01,116.4
"146","I05","CP00","FR",2014-03-01,115.89
"147","I05","CP00","PL",2014-03-01,126.1
"148","I05","CP00","DE",2014-02-01,116
"149","I05","CP00","FR",2014-02-01,115.3
"150","I05","CP00","PL",2014-02-01,125.9
"151","I05","CP00","DE",2014-01-01,115.4
"152","I05","CP00","FR",2014-01-01,114.6
"153","I05","CP00","PL",2014-01-01,125.7
"154","I05","CP00","DE",2013-12-01,116.2
"155","I05","CP00","FR",2013-12-01,115.34
"156","I05","CP00","PL",2013-12-01,125.6
"157","I05","CP00","DE",2013-11-01,115.6
"158","I05","CP00","FR",2013-11-01,114.9
"159","I05","CP00","PL",2013-11-01,125.5
"160","I05","CP00","DE",2013-10-01,115.4
"161","I05","CP00","FR",2013-10-01,114.95
"162","I05","CP00","PL",2013-10-01,125.7
"163","I05","CP00","DE",2013-09-01,115.7
"164","I05","CP00","FR",2013-09-01,115.1
"165","I05","CP00","PL",2013-09-01,125.6
"166","I05","CP00","DE",2013-08-01,115.7
"167","I05","CP00","FR",2013-08-01,115.33
"168","I05","CP00","PL",2013-08-01,125.5
"169","I05","CP00","DE",2013-07-01,115.7
"170","I05","CP00","FR",2013-07-01,114.75
"171","I05","CP00","PL",2013-07-01,125.8
"172","I05","CP00","DE",2013-06-01,115.2
"173","I05","CP00","FR",2013-06-01,115.16
"174","I05","CP00","PL",2013-06-01,125.6
"175","I05","CP00","DE",2013-05-01,115.1
"176","I05","CP00","FR",2013-05-01,114.95
"177","I05","CP00","PL",2013-05-01,125.6
"178","I05","CP00","DE",2013-04-01,114.8
"179","I05","CP00","FR",2013-04-01,114.9
"180","I05","CP00","PL",2013-04-01,125.8
"181","I05","CP00","DE",2013-03-01,115.4
"182","I05","CP00","FR",2013-03-01,115.03
"183","I05","CP00","PL",2013-03-01,125.4
"184","I05","CP00","DE",2013-02-01,114.9
"185","I05","CP00","FR",2013-02-01,114.09
"186","I05","CP00","PL",2013-02-01,125
"187","I05","CP00","DE",2013-01-01,114
"188","I05","CP00","FR",2013-01-01,113.73
"189","I05","CP00","PL",2013-01-01,125
"190","I05","CP00","DE",2012-12-01,114.8
"191","I05","CP00","FR",2012-12-01,114.38
"192","I05","CP00","PL",2012-12-01,124.9
"193","I05","CP00","DE",2012-11-01,113.8
"194","I05","CP00","FR",2012-11-01,113.96
"195","I05","CP00","PL",2012-11-01,124.9
"196","I05","CP00","DE",2012-10-01,114
"197","I05","CP00","FR",2012-10-01,114.16
"198","I05","CP00","PL",2012-10-01,124.8
"199","I05","CP00","DE",2012-09-01,113.9
"200","I05","CP00","FR",2012-09-01,113.93
"201","I05","CP00","PL",2012-09-01,124.5
"202","I05","CP00","DE",2012-08-01,113.9
"203","I05","CP00","FR",2012-08-01,114.21
"204","I05","CP00","PL",2012-08-01,124.4
"205","I05","CP00","DE",2012-07-01,113.5
"206","I05","CP00","FR",2012-07-01,113.4
"207","I05","CP00","PL",2012-07-01,124.7
"208","I05","CP00","DE",2012-06-01,113.1
"209","I05","CP00","FR",2012-06-01,113.99
"210","I05","CP00","PL",2012-06-01,125.3
"211","I05","CP00","DE",2012-05-01,113.3
"212","I05","CP00","FR",2012-05-01,113.93
"213","I05","CP00","PL",2012-05-01,125
"214","I05","CP00","DE",2012-04-01,113.5
"215","I05","CP00","FR",2012-04-01,113.99
"216","I05","CP00","PL",2012-04-01,124.8
"217","I05","CP00","DE",2012-03-01,113.4
"218","I05","CP00","FR",2012-03-01,113.79
"219","I05","CP00","PL",2012-03-01,124.1
"220","I05","CP00","DE",2012-02-01,112.9
"221","I05","CP00","FR",2012-02-01,112.75
"222","I05","CP00","PL",2012-02-01,123.5
"223","I05","CP00","DE",2012-01-01,111.9
"224","I05","CP00","FR",2012-01-01,112.21
"225","I05","CP00","PL",2012-01-01,123
"226","I05","CP00","DE",2011-12-01,112.5
"227","I05","CP00","FR",2011-12-01,112.66
"228","I05","CP00","PL",2011-12-01,122.2
"229","I05","CP00","DE",2011-11-01,111.7
"230","I05","CP00","FR",2011-11-01,112.16
"231","I05","CP00","PL",2011-11-01,121.6
"232","I05","CP00","DE",2011-10-01,111.7
"233","I05","CP00","FR",2011-10-01,111.82
"234","I05","CP00","PL",2011-10-01,120.7
"235","I05","CP00","DE",2011-09-01,111.6
"236","I05","CP00","FR",2011-09-01,111.52
"237","I05","CP00","PL",2011-09-01,119.9
"238","I05","CP00","DE",2011-08-01,111.4
"239","I05","CP00","FR",2011-08-01,111.56
"240","I05","CP00","PL",2011-08-01,119.9
"241","I05","CP00","DE",2011-07-01,111.4
"242","I05","CP00","FR",2011-07-01,110.92
"243","I05","CP00","PL",2011-07-01,119.9
"244","I05","CP00","DE",2011-06-01,110.9
"245","I05","CP00","FR",2011-06-01,111.48
"246","I05","CP00","PL",2011-06-01,120.2
"247","I05","CP00","DE",2011-05-01,110.9
"248","I05","CP00","FR",2011-05-01,111.38
"249","I05","CP00","PL",2011-05-01,120.6
"250","I05","CP00","DE",2011-04-01,111.1
"251","I05","CP00","FR",2011-04-01,111.31
"252","I05","CP00","PL",2011-04-01,120
"253","I05","CP00","DE",2011-03-01,110.8
"254","I05","CP00","FR",2011-03-01,110.9
"255","I05","CP00","PL",2011-03-01,119.4
"256","I05","CP00","DE",2011-02-01,110.1
"257","I05","CP00","FR",2011-02-01,109.95
"258","I05","CP00","PL",2011-02-01,118.3
"259","I05","CP00","DE",2011-01-01,109.4
"260","I05","CP00","FR",2011-01-01,109.41
"261","I05","CP00","PL",2011-01-01,118.1
"262","I05","CP00","DE",2010-12-01,110
"263","I05","CP00","FR",2010-12-01,109.72
"264","I05","CP00","PL",2010-12-01,116.9
"265","I05","CP00","DE",2010-11-01,108.7
"266","I05","CP00","FR",2010-11-01,109.19
"267","I05","CP00","PL",2010-11-01,116.5
"268","I05","CP00","DE",2010-10-01,108.6
"269","I05","CP00","FR",2010-10-01,109.05
"270","I05","CP00","PL",2010-10-01,116.3
"271","I05","CP00","DE",2010-09-01,108.5
"272","I05","CP00","FR",2010-09-01,108.88
"273","I05","CP00","PL",2010-09-01,115.9
"274","I05","CP00","DE",2010-08-01,108.7
"275","I05","CP00","FR",2010-08-01,108.93
"276","I05","CP00","PL",2010-08-01,115.3
"277","I05","CP00","DE",2010-07-01,108.6
"278","I05","CP00","FR",2010-07-01,108.65
"279","I05","CP00","PL",2010-07-01,115.7
"280","I05","CP00","DE",2010-06-01,108.3
"281","I05","CP00","FR",2010-06-01,109.02
"282","I05","CP00","PL",2010-06-01,115.9
"283","I05","CP00","DE",2010-05-01,108.3
"284","I05","CP00","FR",2010-05-01,109.02
"285","I05","CP00","PL",2010-05-01,115.6
"286","I05","CP00","DE",2010-04-01,108.2
"287","I05","CP00","FR",2010-04-01,108.87
"288","I05","CP00","PL",2010-04-01,115.3
"289","I05","CP00","DE",2010-03-01,108.3
"290","I05","CP00","FR",2010-03-01,108.54
"291","I05","CP00","PL",2010-03-01,114.8
"292","I05","CP00","DE",2010-02-01,107.7
"293","I05","CP00","FR",2010-02-01,107.97
"294","I05","CP00","PL",2010-02-01,114.5
"295","I05","CP00","DE",2010-01-01,107.3
"296","I05","CP00","FR",2010-01-01,107.32
"297","I05","CP00","PL",2010-01-01,114.1
"298","I05","CP00","DE",2009-12-01,108
"299","I05","CP00","FR",2009-12-01,107.57
"300","I05","CP00","PL",2009-12-01,113.6
"301","I05","CP00","DE",2009-11-01,107
"302","I05","CP00","FR",2009-11-01,107.26
"303","I05","CP00","PL",2009-11-01,113.6
"304","I05","CP00","DE",2009-10-01,107.2
"305","I05","CP00","FR",2009-10-01,107.08
"306","I05","CP00","PL",2009-10-01,113.3
"307","I05","CP00","DE",2009-09-01,107.1
"308","I05","CP00","FR",2009-09-01,106.97
"309","I05","CP00","PL",2009-09-01,113.1
"310","I05","CP00","DE",2009-08-01,107.6
"311","I05","CP00","FR",2009-08-01,107.21
"312","I05","CP00","PL",2009-08-01,113.1
"313","I05","CP00","DE",2009-07-01,107.3
"314","I05","CP00","FR",2009-07-01,106.61
"315","I05","CP00","PL",2009-07-01,113.5
"316","I05","CP00","DE",2009-06-01,107.4
"317","I05","CP00","FR",2009-06-01,107.15
"318","I05","CP00","PL",2009-06-01,113.2
"319","I05","CP00","DE",2009-05-01,107
"320","I05","CP00","FR",2009-05-01,107
"321","I05","CP00","PL",2009-05-01,113
"322","I05","CP00","DE",2009-04-01,107.1
"323","I05","CP00","FR",2009-04-01,106.85
"324","I05","CP00","PL",2009-04-01,112.3
"325","I05","CP00","DE",2009-03-01,107
"326","I05","CP00","FR",2009-03-01,106.68
"327","I05","CP00","PL",2009-03-01,111.6
"328","I05","CP00","DE",2009-02-01,107.2
"329","I05","CP00","FR",2009-02-01,106.47
"330","I05","CP00","PL",2009-02-01,110.7
"331","I05","CP00","DE",2009-01-01,106.5
"332","I05","CP00","FR",2009-01-01,106.02
"333","I05","CP00","PL",2009-01-01,109.8
"334","I05","CP00","DE",2008-12-01,107.1
"335","I05","CP00","FR",2008-12-01,106.48
"336","I05","CP00","PL",2008-12-01,109.4
"337","I05","CP00","DE",2008-11-01,106.7
"338","I05","CP00","FR",2008-11-01,106.77
"339","I05","CP00","PL",2008-11-01,109.4
"340","I05","CP00","DE",2008-10-01,107.3
"341","I05","CP00","FR",2008-10-01,107.31
"342","I05","CP00","PL",2008-10-01,109.2
"343","I05","CP00","DE",2008-09-01,107.6
"344","I05","CP00","FR",2008-09-01,107.37
"345","I05","CP00","PL",2008-09-01,108.8
"346","I05","CP00","DE",2008-08-01,107.7
"347","I05","CP00","FR",2008-08-01,107.41
"348","I05","CP00","PL",2008-08-01,108.4
"349","I05","CP00","DE",2008-07-01,108.1
"350","I05","CP00","FR",2008-07-01,107.47
"351","I05","CP00","PL",2008-07-01,108.6
"352","I05","CP00","DE",2008-06-01,107.4
"353","I05","CP00","FR",2008-06-01,107.76
"354","I05","CP00","PL",2008-06-01,108.6
"355","I05","CP00","DE",2008-05-01,107
"356","I05","CP00","FR",2008-05-01,107.31
"357","I05","CP00","PL",2008-05-01,108.4
"358","I05","CP00","DE",2008-04-01,106.3
"359","I05","CP00","FR",2008-04-01,106.7
"360","I05","CP00","PL",2008-04-01,107.7
"361","I05","CP00","DE",2008-03-01,106.6
"362","I05","CP00","FR",2008-03-01,106.29
"363","I05","CP00","PL",2008-03-01,107.3
"364","I05","CP00","DE",2008-02-01,106.1
"365","I05","CP00","FR",2008-02-01,105.45
"366","I05","CP00","PL",2008-02-01,106.9
"367","I05","CP00","DE",2008-01-01,105.5
"368","I05","CP00","FR",2008-01-01,105.22
"369","I05","CP00","PL",2008-01-01,106.4
"370","I05","CP00","DE",2007-12-01,105.9
"371","I05","CP00","FR",2007-12-01,105.23
"372","I05","CP00","PL",2007-12-01,105.9
"373","I05","CP00","DE",2007-11-01,105.2
"374","I05","CP00","FR",2007-11-01,104.8
"375","I05","CP00","PL",2007-11-01,105.6
"376","I05","CP00","DE",2007-10-01,104.7
"377","I05","CP00","FR",2007-10-01,104.17
"378","I05","CP00","PL",2007-10-01,105
"379","I05","CP00","DE",2007-09-01,104.5
"380","I05","CP00","FR",2007-09-01,103.89
"381","I05","CP00","PL",2007-09-01,104.5
"382","I05","CP00","DE",2007-08-01,104.3
"383","I05","CP00","FR",2007-08-01,103.74
"384","I05","CP00","PL",2007-08-01,103.8
"385","I05","CP00","DE",2007-07-01,104.4
"386","I05","CP00","FR",2007-07-01,103.3
"387","I05","CP00","PL",2007-07-01,103.9
"388","I05","CP00","DE",2007-06-01,103.9
"389","I05","CP00","FR",2007-06-01,103.63
"390","I05","CP00","PL",2007-06-01,104.1
"391","I05","CP00","DE",2007-05-01,103.8
"392","I05","CP00","FR",2007-05-01,103.49
"393","I05","CP00","PL",2007-05-01,103.9
"394","I05","CP00","DE",2007-04-01,103.6
"395","I05","CP00","FR",2007-04-01,103.21
"396","I05","CP00","PL",2007-04-01,103.3
"397","I05","CP00","DE",2007-03-01,103.2
"398","I05","CP00","FR",2007-03-01,102.67
"399","I05","CP00","PL",2007-03-01,102.8
"400","I05","CP00","DE",2007-02-01,103
"401","I05","CP00","FR",2007-02-01,102.18
"402","I05","CP00","PL",2007-02-01,102.2
"403","I05","CP00","DE",2007-01-01,102.5
"404","I05","CP00","FR",2007-01-01,101.97
"405","I05","CP00","PL",2007-01-01,101.9
"406","I05","CP00","DE",2006-12-01,102.7
"407","I05","CP00","FR",2006-12-01,102.37
"408","I05","CP00","PL",2006-12-01,101.6
"409","I05","CP00","DE",2006-11-01,101.8
"410","I05","CP00","FR",2006-11-01,102.12
"411","I05","CP00","PL",2006-11-01,101.8
"412","I05","CP00","DE",2006-10-01,101.9
"413","I05","CP00","FR",2006-10-01,101.99
"414","I05","CP00","PL",2006-10-01,101.8
"415","I05","CP00","DE",2006-09-01,101.8
"416","I05","CP00","FR",2006-09-01,102.23
"417","I05","CP00","PL",2006-09-01,101.8
"418","I05","CP00","DE",2006-08-01,102.3
"419","I05","CP00","FR",2006-08-01,102.44
"420","I05","CP00","PL",2006-08-01,101.7
"421","I05","CP00","DE",2006-07-01,102.4
"422","I05","CP00","FR",2006-07-01,102.1
"423","I05","CP00","PL",2006-07-01,101.4
"424","I05","CP00","DE",2006-06-01,101.9
"425","I05","CP00","FR",2006-06-01,102.3
"426","I05","CP00","PL",2006-06-01,101.5
"427","I05","CP00","DE",2006-05-01,101.8
"428","I05","CP00","FR",2006-05-01,102.3
"429","I05","CP00","PL",2006-05-01,101.6
"430","I05","CP00","DE",2006-04-01,101.6
"431","I05","CP00","FR",2006-04-01,101.87
"432","I05","CP00","PL",2006-04-01,101.1
"433","I05","CP00","DE",2006-03-01,101.2
"434","I05","CP00","FR",2006-03-01,101.41
"435","I05","CP00","PL",2006-03-01,100.4
"436","I05","CP00","DE",2006-02-01,101.1
"437","I05","CP00","FR",2006-02-01,100.97
"438","I05","CP00","PL",2006-02-01,100.3
"439","I05","CP00","DE",2006-01-01,100.7
"440","I05","CP00","FR",2006-01-01,100.58
"441","I05","CP00","PL",2006-01-01,100.3
"442","I05","CP00","DE",2005-12-01,101.3
"443","I05","CP00","FR",2005-12-01,100.66
"444","I05","CP00","PL",2005-12-01,100.2
"445","I05","CP00","DE",2005-11-01,100.3
"446","I05","CP00","FR",2005-11-01,100.53
"447","I05","CP00","PL",2005-11-01,100.5
"448","I05","CP00","DE",2005-10-01,100.9
"449","I05","CP00","FR",2005-10-01,100.75
"450","I05","CP00","PL",2005-10-01,100.7
"451","I05","CP00","DE",2005-09-01,100.8
"452","I05","CP00","FR",2005-09-01,100.76
"453","I05","CP00","PL",2005-09-01,100.4
"454","I05","CP00","DE",2005-08-01,100.5
"455","I05","CP00","FR",2005-08-01,100.33
"456","I05","CP00","PL",2005-08-01,100
"457","I05","CP00","DE",2005-07-01,100.3
"458","I05","CP00","FR",2005-07-01,99.91
"459","I05","CP00","PL",2005-07-01,100
"460","I05","CP00","DE",2005-06-01,99.9
"461","I05","CP00","FR",2005-06-01,100.09
"462","I05","CP00","PL",2005-06-01,100
"463","I05","CP00","DE",2005-05-01,99.7
"464","I05","CP00","FR",2005-05-01,99.96
"465","I05","CP00","PL",2005-05-01,100.2
"466","I05","CP00","DE",2005-04-01,99.4
"467","I05","CP00","FR",2005-04-01,99.89
"468","I05","CP00","PL",2005-04-01,99.9
"469","I05","CP00","DE",2005-03-01,99.4
"470","I05","CP00","FR",2005-03-01,99.71
"471","I05","CP00","PL",2005-03-01,99.5
"472","I05","CP00","DE",2005-02-01,99
"473","I05","CP00","FR",2005-02-01,99.03
"474","I05","CP00","PL",2005-02-01,99.4
"475","I05","CP00","DE",2005-01-01,98.6
"476","I05","CP00","FR",2005-01-01,98.37
"477","I05","CP00","PL",2005-01-01,99.4
"478","I05","CP00","DE",2004-12-01,99.2
"479","I05","CP00","FR",2004-12-01,98.93
"480","I05","CP00","PL",2004-12-01,99.4
"481","I05","CP00","DE",2004-11-01,98.1
"482","I05","CP00","FR",2004-11-01,98.8
"483","I05","CP00","PL",2004-11-01,99.4
"484","I05","CP00","DE",2004-10-01,98.5
"485","I05","CP00","FR",2004-10-01,98.75
"486","I05","CP00","PL",2004-10-01,99.1
"487","I05","CP00","DE",2004-09-01,98.2
"488","I05","CP00","FR",2004-09-01,98.48
"489","I05","CP00","PL",2004-09-01,98.5
"490","I05","CP00","DE",2004-08-01,98.6
"491","I05","CP00","FR",2004-08-01,98.4
"492","I05","CP00","PL",2004-08-01,98.3
"493","I05","CP00","DE",2004-07-01,98.5
"494","I05","CP00","FR",2004-07-01,98.15
"495","I05","CP00","PL",2004-07-01,98.5
"496","I05","CP00","DE",2004-06-01,98.1
"497","I05","CP00","FR",2004-06-01,98.35
"498","I05","CP00","PL",2004-06-01,98.6
"499","I05","CP00","DE",2004-05-01,98.1
"500","I05","CP00","FR",2004-05-01,98.31
"501","I05","CP00","PL",2004-05-01,97.9
"502","I05","CP00","DE",2004-04-01,97.9
"503","I05","CP00","FR",2004-04-01,97.92
"504","I05","CP00","PL",2004-04-01,96.9
"505","I05","CP00","DE",2004-03-01,97.6
"506","I05","CP00","FR",2004-03-01,97.65
"507","I05","CP00","PL",2004-03-01,96.2
"508","I05","CP00","DE",2004-02-01,97.2
"509","I05","CP00","FR",2004-02-01,97.22
"510","I05","CP00","PL",2004-02-01,95.9
"511","I05","CP00","DE",2004-01-01,97
"512","I05","CP00","FR",2004-01-01,96.78
"513","I05","CP00","PL",2004-01-01,95.8
"514","I05","CP00","DE",2003-12-01,97
"515","I05","CP00","FR",2003-12-01,96.75
"516","I05","CP00","PL",2003-12-01,95.2
"517","I05","CP00","DE",2003-11-01,96.2
"518","I05","CP00","FR",2003-11-01,96.64
"519","I05","CP00","PL",2003-11-01,95
"520","I05","CP00","DE",2003-10-01,96.4
"521","I05","CP00","FR",2003-10-01,96.54
"522","I05","CP00","PL",2003-10-01,94.7
"523","I05","CP00","DE",2003-09-01,96.5
"524","I05","CP00","FR",2003-09-01,96.33
"525","I05","CP00","PL",2003-09-01,94.2
"526","I05","CP00","DE",2003-08-01,96.6
"527","I05","CP00","FR",2003-08-01,95.92
"528","I05","CP00","PL",2003-08-01,93.7
"529","I05","CP00","DE",2003-07-01,96.5
"530","I05","CP00","FR",2003-07-01,95.68
"531","I05","CP00","PL",2003-07-01,94.1
"532","I05","CP00","DE",2003-06-01,96.3
"533","I05","CP00","FR",2003-06-01,95.79
"534","I05","CP00","PL",2003-06-01,94.5
"535","I05","CP00","DE",2003-05-01,96
"536","I05","CP00","FR",2003-05-01,95.6
"537","I05","CP00","PL",2003-05-01,94.7
"538","I05","CP00","DE",2003-04-01,96.3
"539","I05","CP00","FR",2003-04-01,95.67
"540","I05","CP00","PL",2003-04-01,94.7
"541","I05","CP00","DE",2003-03-01,96.5
"542","I05","CP00","FR",2003-03-01,95.82
"543","I05","CP00","PL",2003-03-01,94.5
"544","I05","CP00","DE",2003-02-01,96.4
"545","I05","CP00","FR",2003-02-01,95.42
"546","I05","CP00","PL",2003-02-01,94.2
"547","I05","CP00","DE",2003-01-01,95.9
"548","I05","CP00","FR",2003-01-01,94.68
"549","I05","CP00","PL",2003-01-01,94.1
"550","I05","CP00","DE",2002-12-01,95.9
"551","I05","CP00","FR",2002-12-01,94.49
"552","I05","CP00","PL",2002-12-01,93.7
"553","I05","CP00","DE",2002-11-01,94.9
"554","I05","CP00","FR",2002-11-01,94.33
"555","I05","CP00","PL",2002-11-01,93.7
"556","I05","CP00","DE",2002-10-01,95.2
"557","I05","CP00","FR",2002-10-01,94.38
"558","I05","CP00","PL",2002-10-01,93.7
"559","I05","CP00","DE",2002-09-01,95.4
"560","I05","CP00","FR",2002-09-01,94.22
"561","I05","CP00","PL",2002-09-01,93.4
"562","I05","CP00","DE",2002-08-01,95.5
"563","I05","CP00","FR",2002-08-01,94.04
"564","I05","CP00","PL",2002-08-01,93.1
"565","I05","CP00","DE",2002-07-01,95.7
"566","I05","CP00","FR",2002-07-01,93.83
"567","I05","CP00","PL",2002-07-01,93.5
"568","I05","CP00","DE",2002-06-01,95.4
"569","I05","CP00","FR",2002-06-01,93.91
"570","I05","CP00","PL",2002-06-01,94
"571","I05","CP00","DE",2002-05-01,95.4
"572","I05","CP00","FR",2002-05-01,93.96
"573","I05","CP00","PL",2002-05-01,94.4
"574","I05","CP00","DE",2002-04-01,95.3
"575","I05","CP00","FR",2002-04-01,93.83
"576","I05","CP00","PL",2002-04-01,94.6
"577","I05","CP00","DE",2002-03-01,95.4
"578","I05","CP00","FR",2002-03-01,93.45
"579","I05","CP00","PL",2002-03-01,94.1
"580","I05","CP00","DE",2002-02-01,95.2
"581","I05","CP00","FR",2002-02-01,93.04
"582","I05","CP00","PL",2002-02-01,93.9
"583","I05","CP00","DE",2002-01-01,95
"584","I05","CP00","FR",2002-01-01,92.95
"585","I05","CP00","PL",2002-01-01,93.7
"586","I05","CP00","DE",2001-12-01,94.9
"587","I05","CP00","FR",2001-12-01,92.5
"588","I05","CP00","PL",2001-12-01,93
"589","I05","CP00","DE",2001-11-01,93.8
"590","I05","CP00","FR",2001-11-01,92.37
"591","I05","CP00","PL",2001-11-01,92.7
"592","I05","CP00","DE",2001-10-01,94
"593","I05","CP00","FR",2001-10-01,92.62
"594","I05","CP00","PL",2001-10-01,92.6
"595","I05","CP00","DE",2001-09-01,94.3
"596","I05","CP00","FR",2001-09-01,92.56
"597","I05","CP00","PL",2001-09-01,92.2
"598","I05","CP00","DE",2001-08-01,94.4
"599","I05","CP00","FR",2001-08-01,92.37
"600","I05","CP00","PL",2001-08-01,91.9
"601","I05","CP00","DE",2001-07-01,94.7
"602","I05","CP00","FR",2001-07-01,92.37
"603","I05","CP00","PL",2001-07-01,92.3
"604","I05","CP00","DE",2001-06-01,94.5
"605","I05","CP00","FR",2001-06-01,92.58
"606","I05","CP00","PL",2001-06-01,92.8
"607","I05","CP00","DE",2001-05-01,94.4
"608","I05","CP00","FR",2001-05-01,92.51
"609","I05","CP00","PL",2001-05-01,93
"610","I05","CP00","DE",2001-04-01,94
"611","I05","CP00","FR",2001-04-01,91.92
"612","I05","CP00","PL",2001-04-01,91.9
"613","I05","CP00","DE",2001-03-01,93.6
"614","I05","CP00","FR",2001-03-01,91.45
"615","I05","CP00","PL",2001-03-01,91.1
"616","I05","CP00","DE",2001-02-01,93.6
"617","I05","CP00","FR",2001-02-01,91.01
"618","I05","CP00","PL",2001-02-01,90.6
"619","I05","CP00","DE",2001-01-01,93
"620","I05","CP00","FR",2001-01-01,90.75
"621","I05","CP00","PL",2001-01-01,90.5
"622","I05","CP00","DE",2000-12-01,93.6
"623","I05","CP00","FR",2000-12-01,91.16
"624","I05","CP00","PL",2000-12-01,89.8
"625","I05","CP00","DE",2000-11-01,92.6
"626","I05","CP00","FR",2000-11-01,91.2
"627","I05","CP00","PL",2000-11-01,89.6
"628","I05","CP00","DE",2000-10-01,92.5
"629","I05","CP00","FR",2000-10-01,90.98
"630","I05","CP00","PL",2000-10-01,89.3
"631","I05","CP00","DE",2000-09-01,92.7
"632","I05","CP00","FR",2000-09-01,91.07
"633","I05","CP00","PL",2000-09-01,88.6
"634","I05","CP00","DE",2000-08-01,92.4
"635","I05","CP00","FR",2000-08-01,90.57
"636","I05","CP00","PL",2000-08-01,87.7
"637","I05","CP00","DE",2000-07-01,92.7
"638","I05","CP00","FR",2000-07-01,90.38
"639","I05","CP00","PL",2000-07-01,88
"640","I05","CP00","DE",2000-06-01,92.3
"641","I05","CP00","FR",2000-06-01,90.54
"642","I05","CP00","PL",2000-06-01,87.4
"643","I05","CP00","DE",2000-05-01,91.8
"644","I05","CP00","FR",2000-05-01,90.3
"645","I05","CP00","PL",2000-05-01,86.8
"646","I05","CP00","DE",2000-04-01,91.9
"647","I05","CP00","FR",2000-04-01,90.12
"648","I05","CP00","PL",2000-04-01,86.2
"649","I05","CP00","DE",2000-03-01,91.9
"650","I05","CP00","FR",2000-03-01,90.12
"651","I05","CP00","PL",2000-03-01,85.8
"652","I05","CP00","DE",2000-02-01,92
"653","I05","CP00","FR",2000-02-01,89.66
"654","I05","CP00","PL",2000-02-01,85.1
"655","I05","CP00","DE",2000-01-01,91.8
"656","I05","CP00","FR",2000-01-01,89.55
"657","I05","CP00","PL",2000-01-01,84.3
"658","I05","CP00","DE",1999-12-01,91.6
"659","I05","CP00","FR",1999-12-01,89.56
"660","I05","CP00","PL",1999-12-01,82.8
"661","I05","CP00","DE",1999-11-01,91.3
"662","I05","CP00","FR",1999-11-01,89.13
"663","I05","CP00","PL",1999-11-01,82.1
"664","I05","CP00","DE",1999-10-01,91.2
"665","I05","CP00","FR",1999-10-01,89.09
"666","I05","CP00","PL",1999-10-01,81.3
"667","I05","CP00","DE",1999-09-01,91.3
"668","I05","CP00","FR",1999-09-01,89
"669","I05","CP00","PL",1999-09-01,80.4
"670","I05","CP00","DE",1999-08-01,91.5
"671","I05","CP00","FR",1999-08-01,88.84
"672","I05","CP00","PL",1999-08-01,79.2
"673","I05","CP00","DE",1999-07-01,91.5
"674","I05","CP00","FR",1999-07-01,88.67
"675","I05","CP00","PL",1999-07-01,78.8
"676","I05","CP00","DE",1999-06-01,91.1
"677","I05","CP00","FR",1999-06-01,88.95
"678","I05","CP00","PL",1999-06-01,79.1
"679","I05","CP00","DE",1999-05-01,91
"680","I05","CP00","FR",1999-05-01,88.95
"681","I05","CP00","PL",1999-05-01,79
"682","I05","CP00","DE",1999-04-01,91
"683","I05","CP00","FR",1999-04-01,88.95
"684","I05","CP00","PL",1999-04-01,78.4
"685","I05","CP00","DE",1999-03-01,90.6
"686","I05","CP00","FR",1999-03-01,88.69
"687","I05","CP00","PL",1999-03-01,77.8
"688","I05","CP00","DE",1999-02-01,90.5
"689","I05","CP00","FR",1999-02-01,88.39
"690","I05","CP00","PL",1999-02-01,77
"691","I05","CP00","DE",1999-01-01,90.3
"692","I05","CP00","FR",1999-01-01,88.08
"693","I05","CP00","PL",1999-01-01,76.6
"694","I05","CP00","DE",1998-12-01,90.4
"695","I05","CP00","FR",1998-12-01,88.37
"696","I05","CP00","PL",1998-12-01,75.5
"697","I05","CP00","DE",1998-11-01,90.4
"698","I05","CP00","FR",1998-11-01,88.31
"699","I05","CP00","PL",1998-11-01,75.2
"700","I05","CP00","DE",1998-10-01,90.4
"701","I05","CP00","FR",1998-10-01,88.37
"702","I05","CP00","PL",1998-10-01,74.9
"703","I05","CP00","DE",1998-09-01,90.6
"704","I05","CP00","FR",1998-09-01,88.47
"705","I05","CP00","PL",1998-09-01,74.4
"706","I05","CP00","DE",1998-08-01,90.9
"707","I05","CP00","FR",1998-08-01,88.42
"708","I05","CP00","PL",1998-08-01,74
"709","I05","CP00","DE",1998-07-01,91
"710","I05","CP00","FR",1998-07-01,88.29
"711","I05","CP00","PL",1998-07-01,74.3
"712","I05","CP00","DE",1998-06-01,90.7
"713","I05","CP00","FR",1998-06-01,88.64
"714","I05","CP00","PL",1998-06-01,74.5
"715","I05","CP00","DE",1998-05-01,90.6
"716","I05","CP00","FR",1998-05-01,88.55
"717","I05","CP00","PL",1998-05-01,74.2
"718","I05","CP00","DE",1998-04-01,90.3
"719","I05","CP00","FR",1998-04-01,88.51
"720","I05","CP00","PL",1998-04-01,73.9
"721","I05","CP00","DE",1998-03-01,90.2
"722","I05","CP00","FR",1998-03-01,88.31
"723","I05","CP00","PL",1998-03-01,73.4
"724","I05","CP00","DE",1998-02-01,90.4
"725","I05","CP00","FR",1998-02-01,88.16
"726","I05","CP00","PL",1998-02-01,72.9
"727","I05","CP00","DE",1998-01-01,90.1
"728","I05","CP00","FR",1998-01-01,87.8
"729","I05","CP00","PL",1998-01-01,71.7
"730","I05","CP00","DE",1997-12-01,90.2
"731","I05","CP00","FR",1997-12-01,88.14
"732","I05","CP00","PL",1997-12-01,69.5
"733","I05","CP00","DE",1997-11-01,90
"734","I05","CP00","FR",1997-11-01,88.1
"735","I05","CP00","PL",1997-11-01,68.8
"736","I05","CP00","DE",1997-10-01,90
"737","I05","CP00","FR",1997-10-01,87.95
"738","I05","CP00","PL",1997-10-01,68.1
"739","I05","CP00","DE",1997-09-01,90.1
"740","I05","CP00","FR",1997-09-01,88.01
"741","I05","CP00","PL",1997-09-01,67.3
"742","I05","CP00","DE",1997-08-01,90.4
"743","I05","CP00","FR",1997-08-01,87.85
"744","I05","CP00","PL",1997-08-01,66.6
"745","I05","CP00","DE",1997-07-01,90.3
"746","I05","CP00","FR",1997-07-01,87.6
"747","I05","CP00","PL",1997-07-01,66.4
"748","I05","CP00","DE",1997-06-01,90
"749","I05","CP00","FR",1997-06-01,87.72
"750","I05","CP00","PL",1997-06-01,66.5
"751","I05","CP00","DE",1997-05-01,89.9
"752","I05","CP00","FR",1997-05-01,87.73
"753","I05","CP00","PL",1997-05-01,65.4
"754","I05","CP00","DE",1997-04-01,89.5
"755","I05","CP00","FR",1997-04-01,87.61
"756","I05","CP00","PL",1997-04-01,65
"757","I05","CP00","DE",1997-03-01,89.8
"758","I05","CP00","FR",1997-03-01,87.6
"759","I05","CP00","PL",1997-03-01,64.4
"760","I05","CP00","DE",1997-02-01,89.9
"761","I05","CP00","FR",1997-02-01,87.51
"762","I05","CP00","PL",1997-02-01,63.8
"763","I05","CP00","DE",1997-01-01,89.5
"764","I05","CP00","FR",1997-01-01,87.3
"765","I05","CP00","PL",1997-01-01,63.1
"766","I05","CP00","DE",1996-12-01,89
"767","I05","CP00","FR",1996-12-01,87.12
"768","I05","CP00","PL",1996-12-01,61.4
"769","I05","CP00","DE",1996-11-01,88.6
"770","I05","CP00","FR",1996-11-01,86.93
"771","I05","CP00","PL",1996-11-01,60.8
"772","I05","CP00","DE",1996-10-01,88.7
"773","I05","CP00","FR",1996-10-01,86.99
"774","I05","CP00","PL",1996-10-01,60.1
"775","I05","CP00","DE",1996-09-01,88.8
"776","I05","CP00","FR",1996-09-01,86.77
"777","I05","CP00","PL",1996-09-01,59.2
"778","I05","CP00","DE",1996-08-01,88.8
"779","I05","CP00","FR",1996-08-01,86.48
"780","I05","CP00","PL",1996-08-01,57.9
"781","I05","CP00","DE",1996-07-01,88.9
"782","I05","CP00","FR",1996-07-01,86.67
"783","I05","CP00","PL",1996-07-01,57.7
"784","I05","CP00","DE",1996-06-01,88.7
"785","I05","CP00","FR",1996-06-01,86.86
"786","I05","CP00","PL",1996-06-01,57.6
"787","I05","CP00","DE",1996-05-01,88.6
"788","I05","CP00","FR",1996-05-01,86.96
"789","I05","CP00","PL",1996-05-01,57.1
"790","I05","CP00","DE",1996-04-01,88.4
"791","I05","CP00","FR",1996-04-01,86.72
"792","I05","CP00","PL",1996-04-01,56.4
"793","I05","CP00","DE",1996-03-01,88.5
"794","I05","CP00","FR",1996-03-01,86.62
"795","I05","CP00","PL",1996-03-01,55.2
"796","I05","CP00","DE",1996-02-01,88.4
"797","I05","CP00","FR",1996-02-01,86.06
"798","I05","CP00","PL",1996-02-01,54.4
"799","I05","CP00","DE",1996-01-01,87.9
"800","I05","CP00","FR",1996-01-01,85.73
"801","I05","CP00","PL",1996-01-01,53.6
